frame_number,timestamp_s,centroid_x,centroid_y,reference_x,reference_y,error_x_px,error_y_px,total_error_px,angular_error_deg,confidence,detection_status,tracking_state,pan_deg,tilt_deg,fps,processing_time_ms,slew_saturated,gimbal_limit,is_link_blocked,range_km,angular_rate_deg_s,atmosphere_path_frac
1,0.033,,,,,,,,,0.00,NOT_DETECTED,SEARCHING,10.00,8.00,1859.2,4.22,0,0,0,1.000,0.000000,1.0000
2,0.066,286.0,263.0,286.0,263.0,-34.0,23.0,41.05,0.2570,0.96,DETECTED,ACQUIRING,0.19,0.15,66.5,3.06,0,0,0,1.000,0.000000,1.0000
3,0.099,292.0,256.0,292.0,256.0,-28.0,16.0,33.7,0.2100,0.96,DETECTED,TRACKING,0.13,0.12,85.9,1.02,0,0,0,1.000,0.000000,1.0000
4,0.132,298.0,252.0,298.0,252.0,-22.0,12.0,29.74,0.1860,0.96,DETECTED,TRACKING,0.08,0.09,79.7,1.07,0,0,0,1.000,0.000000,1.0000
5,0.165,302.0,247.0,302.0,247.0,-18.0,7.0,26.33,0.1650,0.96,DETECTED,TRACKING,0.04,0.07,101.8,1.01,0,0,0,1.000,0.000000,1.0000
6,0.198,305.0,244.0,305.0,244.0,-15.0,4.0,23.45,0.1460,0.96,DETECTED,TRACKING,0.01,0.05,115.9,1.19,0,0,0,1.000,0.000000,1.0000
7,0.231,308.0,241.0,308.0,241.0,-12.0,1.0,20.69,0.1290,0.96,DETECTED,TRACKING,-0.03,0.04,100.8,1.07,0,0,0,1.000,0.000000,1.0000
8,0.264,311.0,238.0,311.0,238.0,-9.0,-2.0,17.9,0.1120,0.96,DETECTED,TRACKING,-0.06,0.02,128.0,0.90,0,0,0,1.000,0.000000,1.0000
9,0.297,312.0,236.0,312.0,236.0,-8.0,-4.0,15.42,0.0960,0.96,DETECTED,TRACKING,-0.08,0.02,111.4,0.84,0,0,0,1.000,0.000000,1.0000
10,0.330,314.0,235.0,314.0,235.0,-6.0,-5.0,13.06,0.0820,0.96,DETECTED,LOCKED,-0.11,0.01,131.2,1.05,0,0,0,1.000,0.000000,1.0000
11,0.363,315.0,234.0,315.0,234.0,-5.0,-6.0,11.01,0.0690,0.96,DETECTED,LOCKED,-0.13,0.01,113.6,1.05,0,0,0,1.000,0.000000,1.0000
12,0.396,315.0,234.0,315.0,234.0,-5.0,-6.0,9.49,0.0590,0.96,DETECTED,LOCKED,-0.14,0.02,128.1,1.08,0,0,0,1.000,0.000000,1.0000
13,0.429,321.0,238.0,321.0,238.0,1.0,-2.0,7.25,0.0450,0.96,DETECTED,LOCKED,-0.16,0.02,115.1,1.08,0,0,0,1.000,0.000000,1.0000
14,0.462,316.0,238.13,316.0,238.13,-4.0,-1.87,6.28,0.0390,0.97,DETECTED,LOCKED,-0.17,0.03,124.1,0.87,0,0,0,1.000,0.000000,1.0000
15,0.495,305.05,231.98,305.05,231.98,-14.95,-8.02,7.81,0.0490,0.90,DETECTED,LOCKED,-0.17,0.03,69.1,0.86,0,0,0,1.000,0.000000,1.0000
16,0.528,,,,,,,7.73,0.0490,0.00,NOT_DETECTED,LOCKED,-0.18,0.04,63.4,1.42,0,0,0,1.000,0.000000,1.0000
17,0.561,,,,,,,7.85,0.0490,0.00,NOT_DETECTED,LOCKED,-0.19,0.05,27.7,0.86,0,0,0,1.000,0.000000,1.0000
18,0.594,,,,,,,8.16,0.0510,0.00,NOT_DETECTED,LOCKED,-0.20,0.07,57.1,1.06,0,0,0,1.000,0.000000,1.0000
19,0.627,,,,,,,8.64,0.0540,0.00,NOT_DETECTED,LOCKED,-0.21,0.08,60.6,0.98,0,0,0,1.000,0.000000,1.0000
20,0.660,,,,,,,,,0.00,NOT_DETECTED,LOST,-0.21,0.10,61.6,1.31,0,0,0,1.000,0.000000,1.0000
21,0.693,,,,,,,,,0.00,NOT_DETECTED,LOST,-0.21,0.10,60.9,1.33,0,0,0,1.000,0.000000,1.0000
22,0.726,,,,,,,,,0.00,NOT_DETECTED,LOST,-0.21,0.10,56.2,0.75,0,0,0,1.000,0.000000,1.0000
23,0.759,,,,,,,,,0.00,NOT_DETECTED,LOST,-0.21,0.10,57.2,0.73,0,0,0,1.000,0.000000,1.0000
24,0.792,,,,,,,,,0.00,NOT_DETECTED,LOST,-0.21,0.10,65.2,0.93,0,0,0,1.000,0.000000,1.0000
25,0.825,309.93,249.0,309.93,249.0,-10.07,9.0,13.51,0.0840,0.88,DETECTED,REACQUIRING,42.03,33.90,61.7,1.20,0,0,0,1.000,0.000000,1.0000
26,0.858,310.68,250.97,310.68,250.97,-9.32,10.97,14.23,0.0890,0.89,DETECTED,TRACKING,42.01,33.88,64.1,1.38,0,0,0,1.000,0.000000,1.0000
27,0.891,301.1,247.01,301.1,247.01,-18.9,7.01,16.44,0.1030,0.89,DETECTED,TRACKING,41.99,33.86,69.1,1.10,0,0,0,1.000,0.000000,1.0000
28,0.924,314.9,235.9,314.9,235.9,-5.1,-4.1,12.02,0.0750,0.89,DETECTED,TRACKING,41.96,33.84,72.3,1.02,0,0,0,1.000,0.000000,1.0000
29,0.957,318.2,232.73,318.2,232.73,-1.8,-7.27,8.84,0.0550,0.87,DETECTED,LOCKED,41.94,33.83,71.1,1.19,0,0,0,1.000,0.000000,1.0000
30,0.990,306.18,236.99,306.18,236.99,-13.82,-3.01,9.72,0.0610,0.89,DETECTED,LOCKED,41.92,33.83,68.6,1.28,0,0,0,1.000,0.000000,1.0000
31,1.023,319.04,238.84,319.04,238.84,-0.96,-1.16,7.97,0.0500,0.90,DETECTED,LOCKED,41.91,33.83,74.0,1.32,0,0,0,1.000,0.000000,1.0000
32,1.056,322.07,232.93,322.07,232.93,2.07,-7.07,6.18,0.0380,0.89,DETECTED,LOCKED,41.89,33.83,74.0,0.96,0,0,0,1.000,0.000000,1.0000
33,1.089,309.84,227.88,309.84,227.88,-10.16,-12.12,7.48,0.0470,0.90,DETECTED,LOCKED,41.88,33.83,75.5,1.03,0,0,0,1.000,0.000000,1.0000
34,1.122,321.0,233.0,321.0,233.0,1.0,-7.0,6.86,0.0430,0.89,DETECTED,LOCKED,41.86,33.83,73.0,0.99,0,0,0,1.000,0.000000,1.0000
35,1.155,324.02,237.95,324.02,237.95,4.02,-2.05,5.65,0.0360,0.90,DETECTED,LOCKED,41.85,33.84,69.5,2.36,0,0,0,1.000,0.000000,1.0000
36,1.188,311.09,235.9,311.09,235.9,-8.91,-4.1,6.26,0.0390,0.87,DETECTED,LOCKED,41.85,33.85,69.7,1.19,0,0,0,1.000,0.000000,1.0000
37,1.221,321.07,229.95,321.07,229.95,1.07,-10.05,6.83,0.0430,0.88,DETECTED,LOCKED,41.84,33.86,71.8,1.10,0,0,0,1.000,0.000000,1.0000
38,1.254,324.0,233.0,324.0,233.0,4.0,-7.0,7.0,0.0430,0.90,DETECTED,LOCKED,41.83,33.87,68.2,1.06,0,0,0,1.000,0.000000,1.0000
39,1.287,310.07,240.0,310.07,240.0,-9.93,0.0,6.53,0.0410,0.90,DETECTED,LOCKED,41.83,33.88,65.7,0.99,0,0,0,1.000,0.000000,1.0000
40,1.320,319.06,240.82,319.06,240.82,-0.94,0.82,5.56,0.0340,0.87,DETECTED,LOCKED,41.82,33.89,68.4,1.28,0,0,0,1.000,0.000000,1.0000
41,1.353,323.03,235.13,323.03,235.13,3.03,-4.87,5.56,0.0350,0.90,DETECTED,LOCKED,41.82,33.90,61.0,1.24,0,0,0,1.000,0.000000,1.0000