frame_number,timestamp_s,centroid_x,centroid_y,reference_x,reference_y,error_x_px,error_y_px,total_error_px,confidence,detection_status,tracking_state,pan_deg,tilt_deg,fps,processing_time_ms
1,0.033,,,,,,,,0.00,NOT_DETECTED,SEARCHING,10.00,8.00,30.0,8.83
2,0.066,287.5,266.5,287.5,266.5,-32.5,26.5,41.93,0.96,DETECTED,ACQUIRING,0.20,0.14,29.9,2.64
3,0.099,295.5,261.5,295.5,261.5,-24.5,21.5,34.15,0.96,DETECTED,TRACKING,0.14,0.09,57.2,2.55
4,0.132,301.5,258.5,301.5,258.5,-18.5,18.5,30.48,0.96,DETECTED,TRACKING,0.10,0.06,31.5,2.59
5,0.165,306.5,255.5,306.5,255.5,-13.5,15.5,27.25,0.96,DETECTED,TRACKING,0.07,0.02,57.9,5.26
6,0.198,310.5,252.5,310.5,252.5,-9.5,12.5,24.23,0.96,DETECTED,TRACKING,0.04,-0.01,29.5,2.54
7,0.231,314.5,250.5,314.5,250.5,-5.5,10.5,21.32,0.96,DETECTED,TRACKING,0.01,-0.03,42.4,2.38
8,0.264,316.5,249.5,316.5,249.5,-3.5,9.5,18.74,0.96,DETECTED,TRACKING,-0.01,-0.06,83.8,2.52
9,0.297,319.5,248.5,319.5,248.5,-0.5,8.5,16.19,0.96,DETECTED,TRACKING,-0.03,-0.08,33.7,3.97
10,0.330,320.5,247.5,320.5,247.5,0.5,7.5,13.85,0.96,DETECTED,TRACKING,-0.04,-0.10,29.3,2.88
11,0.363,321.5,246.5,321.5,246.5,1.5,6.5,11.68,0.96,DETECTED,LOCKED,-0.05,-0.12,41.4,4.65
12,0.396,321.5,246.5,321.5,246.5,1.5,6.5,9.92,0.96,DETECTED,LOCKED,-0.05,-0.14,40.2,2.65
13,0.429,327.5,249.5,327.5,249.5,7.5,9.5,8.96,0.96,DETECTED,LOCKED,-0.06,-0.15,58.2,2.36
14,0.462,322.53,249.39,322.53,249.39,2.53,9.39,8.63,0.95,DETECTED,LOCKED,-0.05,-0.17,52.5,2.47
15,0.495,312.43,243.57,312.43,243.57,-7.57,3.57,7.26,0.91,DETECTED,LOCKED,-0.05,-0.18,22.4,4.49
16,0.528,,,,,,,6.8,0.00,NOT_DETECTED,LOCKED,-0.05,-0.19,27.2,2.66
17,0.561,,,,,,,6.52,0.00,NOT_DETECTED,LOCKED,-0.05,-0.21,30.6,2.47
18,0.594,,,,,,,6.45,0.00,NOT_DETECTED,LOCKED,-0.05,-0.22,20.1,2.58
19,0.627,,,,,,,6.6,0.00,NOT_DETECTED,LOCKED,-0.04,-0.23,19.9,2.35
20,0.660,,,,,,,,0.00,NOT_DETECTED,LOST,-0.03,-0.23,21.7,2.48
21,0.693,,,,,,,,0.00,NOT_DETECTED,LOST,-0.03,-0.23,27.0,2.44
22,0.726,,,,,,,,0.00,NOT_DETECTED,LOST,-0.03,-0.23,19.8,2.45
23,0.759,,,,,,,,0.00,NOT_DETECTED,LOST,-0.03,-0.23,20.7,2.23
24,0.792,,,,,,,,0.00,NOT_DETECTED,LOST,-0.03,-0.23,29.5,2.37
25,0.825,310.53,251.55,310.53,251.55,-9.47,11.55,14.94,0.89,DETECTED,REACQUIRING,42.07,33.81,19.5,2.52
26,0.858,312.32,255.59,312.32,255.59,-7.68,15.59,16.92,0.89,DETECTED,TRACKING,42.05,33.79,30.8,2.79
27,0.891,302.5,251.5,302.5,251.5,-17.5,11.5,18.18,0.90,DETECTED,TRACKING,42.03,33.76,17.7,2.46
28,0.924,317.62,241.39,317.62,241.39,-2.38,1.39,13.23,0.89,DETECTED,TRACKING,42.01,33.73,37.0,6.94
29,0.957,320.72,238.52,320.72,238.52,0.72,-1.48,9.44,0.86,DETECTED,LOCKED,41.99,33.72,19.5,5.13
30,0.990,309.62,243.68,309.62,243.68,-10.38,3.68,9.45,0.90,DETECTED,LOCKED,41.98,33.70,20.7,2.63
31,1.023,322.3,245.74,322.3,245.74,2.3,5.74,7.88,0.91,DETECTED,LOCKED,41.96,33.69,30.2,2.51
32,1.056,325.55,239.46,325.55,239.46,5.55,-0.54,5.46,0.89,DETECTED,LOCKED,41.95,33.68,30.0,2.39
33,1.089,313.4,235.78,313.4,235.78,-6.6,-4.22,4.4,0.88,DETECTED,LOCKED,41.95,33.67,22.8,5.54
34,1.122,324.54,239.52,324.54,239.52,4.54,-0.48,2.53,0.90,DETECTED,LOCKED,41.94,33.67,25.3,2.43
35,1.155,327.55,245.47,327.55,245.47,7.55,5.47,1.99,0.90,DETECTED,LOCKED,41.93,33.66,30.1,2.48
36,1.188,314.76,242.5,314.76,242.5,-5.24,2.5,1.78,0.89,DETECTED,LOCKED,41.93,33.66,29.3,5.19
37,1.221,323.14,236.67,323.14,236.67,3.14,-3.33,0.86,0.90,DETECTED,LOCKED,41.93,33.65,20.1,2.42
38,1.254,327.56,239.59,327.56,239.59,7.56,-0.41,2.33,0.89,DETECTED,LOCKED,41.93,33.65,27.1,2.29
39,1.287,313.5,246.5,313.5,246.5,-6.5,6.5,1.5,0.91,DETECTED,LOCKED,41.93,33.65,26.9,2.44
40,1.320,322.72,247.67,322.72,247.67,2.72,7.67,2.55,0.88,DETECTED,LOCKED,41.93,33.65,38.7,2.27
41,1.353,326.43,240.43,326.43,240.43,6.43,0.43,3.37,0.91,DETECTED,LOCKED,41.93,33.64,19.7,2.29