frame,timestamp_s,x,y,radius_px
0,0.0,480.0,240.0,6.0
1,0.0333,479.86,246.7,6.0
2,0.0667,479.44,253.39,6.0
3,0.1,478.74,260.05,6.0
4,0.1333,477.76,266.68,6.0
5,0.1667,476.5,273.27,6.0
6,0.2,474.97,279.79,6.0
7,0.2333,473.17,286.25,6.0
8,0.2667,471.1,292.62,6.0
9,0.3,468.76,298.9,6.0
10,0.3333,466.17,305.08,6.0
11,0.3667,463.31,311.14,6.0
12,0.4,460.21,317.08,6.0
13,0.4333,456.86,322.88,6.0
14,0.4667,453.27,328.54,6.0
15,0.5,449.44,334.05,6.0
16,0.5333,445.39,339.38,6.0
17,0.5667,441.12,344.55,6.0
18,0.6,436.63,349.53,6.0
19,0.6333,431.95,354.32,6.0
20,0.6667,427.06,358.9,6.0
21,0.7,421.99,363.28,6.0
22,0.7333,416.74,367.44,6.0
23,0.7667,411.31,371.38,6.0
24,0.8,405.73,375.09,6.0
25,0.8333,400.0,378.56,6.0
26,0.8667,394.13,381.79,6.0
27,0.9,388.12,384.77,6.0
28,0.9333,382.0,387.5,6.0
29,0.9667,375.77,389.97,6.0
30,1.0,369.44,392.17,6.0
31,1.0333,363.03,394.11,6.0
32,1.0667,356.54,395.77,6.0
33,1.1,349.98,397.17,6.0
34,1.1333,343.37,398.28,6.0
35,1.1667,336.72,399.12,6.0
36,1.2,330.05,399.68,6.0
37,1.2333,323.35,399.96,6.0
38,1.2667,316.65,399.96,6.0
39,1.3,309.95,399.68,6.0
40,1.3333,303.28,399.12,6.0
41,1.3667,296.63,398.28,6.0
42,1.4,290.02,397.17,6.0
43,1.4333,283.46,395.77,6.0
44,1.4667,276.97,394.11,6.0
45,1.5,270.56,392.17,6.0
46,1.5333,264.23,389.97,6.0
47,1.5667,258.0,387.5,6.0
48,1.6,251.88,384.77,6.0
49,1.6333,245.87,381.79,6.0
50,1.6667,240.0,378.56,6.0
51,1.7,234.27,375.09,6.0
52,1.7333,228.69,371.38,6.0
53,1.7667,223.26,367.44,6.0
54,1.8,218.01,363.28,6.0
55,1.8333,212.94,358.9,6.0
56,1.8667,208.05,354.32,6.0
57,1.9,203.37,349.53,6.0
58,1.9333,198.88,344.55,6.0
59,1.9667,194.61,339.38,6.0
