frame,timestamp_s,x,y,radius_px
0,0.0,323.13,239.75,6.0
1,0.0333,324.75,241.41,6.0
2,0.0667,321.54,237.84,6.0
3,0.1,319.69,239.88,6.0
4,0.1333,323.23,239.99,6.0
5,0.1667,315.7,245.2,6.0
6,0.2,323.72,240.2,6.0
7,0.2333,319.53,240.84,6.0
8,0.2667,321.82,243.98,6.0
9,0.3,320.23,239.33,6.0
10,0.3333,322.15,237.03,6.0
11,0.3667,316.55,244.28,6.0
12,0.4,318.01,235.29,6.0
13,0.4333,320.77,239.61,6.0
14,0.4667,316.85,243.24,6.0
15,0.5,319.36,245.58,6.0
16,0.5333,316.75,237.03,6.0
17,0.5667,314.88,240.57,6.0
18,0.6,317.6,242.55,6.0
19,0.6333,320.05,246.78,6.0
20,0.6667,321.04,241.92,6.0
21,0.7,321.06,240.06,6.0
22,0.7333,322.44,239.8,6.0
23,0.7667,315.34,240.53,6.0
24,0.8,315.39,237.02,6.0
25,0.8333,320.36,242.37,6.0
26,0.8667,321.75,240.69,6.0
27,0.9,319.05,240.25,6.0
28,0.9333,320.09,237.46,6.0
29,0.9667,321.7,244.41,6.0
30,1.0,321.27,238.09,6.0
31,1.0333,318.32,238.74,6.0
32,1.0667,324.28,240.23,6.0
33,1.1,317.66,238.3,6.0
34,1.1333,323.95,242.59,6.0
35,1.1667,320.11,236.02,6.0
36,1.2,314.09,237.96,6.0
37,1.2333,325.14,239.39,6.0
38,1.2667,319.51,240.41,6.0
39,1.3,320.41,239.91,6.0
40,1.3333,323.49,236.19,6.0
41,1.3667,322.06,234.59,6.0
42,1.4,317.44,244.52,6.0
43,1.4333,322.74,240.0,6.0
44,1.4667,319.42,236.89,6.0
45,1.5,311.03,245.92,6.0
46,1.5333,315.68,238.48,6.0
47,1.5667,322.69,240.77,6.0
48,1.6,317.18,245.2,6.0
49,1.6333,322.17,245.68,6.0
50,1.6667,315.97,236.47,6.0
51,1.7,318.93,235.99,6.0
52,1.7333,320.57,243.08,6.0
53,1.7667,322.98,240.48,6.0
54,1.8,318.4,241.86,6.0
55,1.8333,326.13,238.24,6.0
56,1.8667,319.45,237.53,6.0
57,1.9,324.27,238.28,6.0
58,1.9333,313.87,239.45,6.0
59,1.9667,321.85,239.47,6.0
60,2.0,319.51,235.68,6.0
61,2.0333,316.13,235.24,6.0
62,2.0667,321.64,243.82,6.0
63,2.1,323.39,240.74,6.0
64,2.1333,322.75,238.6,6.0
65,2.1667,318.71,239.52,6.0
66,2.2,325.7,237.64,6.0
67,2.2333,322.52,237.26,6.0
68,2.2667,320.43,239.87,6.0
69,2.3,320.1,239.1,6.0
70,2.3333,318.86,241.67,6.0
71,2.3667,317.12,240.68,6.0
72,2.4,321.02,235.03,6.0
73,2.4333,321.43,236.12,6.0
74,2.4667,324.74,242.44,6.0
75,2.5,322.0,237.61,6.0
76,2.5333,323.64,239.66,6.0
77,2.5667,317.7,235.95,6.0
78,2.6,316.05,243.72,6.0
79,2.6333,319.78,236.17,6.0
80,2.6667,321.96,235.48,6.0
81,2.7,321.16,240.15,6.0
82,2.7333,321.75,238.04,6.0
83,2.7667,321.81,241.47,6.0
84,2.8,319.02,238.53,6.0
85,2.8333,315.69,235.81,6.0
86,2.8667,321.72,241.32,6.0
87,2.9,315.4,244.31,6.0
88,2.9333,318.11,236.91,6.0
89,2.9667,314.75,237.33,6.0
90,3.0,324.37,240.0,6.0
91,3.0333,321.94,237.8,6.0
92,3.0667,318.84,238.85,6.0
93,3.1,320.57,236.78,6.0
94,3.1333,314.08,241.66,6.0
95,3.1667,320.96,242.04,6.0
96,3.2,316.31,236.7,6.0
97,3.2333,320.72,243.68,6.0
98,3.2667,318.44,237.64,6.0
99,3.3,319.87,240.93,6.0
100,3.3333,317.4,237.81,6.0
101,3.3667,323.86,239.19,6.0
102,3.4,320.73,244.63,6.0
103,3.4333,315.16,234.18,6.0
104,3.4667,321.64,240.63,6.0
105,3.5,319.46,240.76,6.0
106,3.5333,319.74,244.02,6.0
107,3.5667,323.62,242.26,6.0
108,3.6,313.61,239.91,6.0
109,3.6333,315.6,238.85,6.0
110,3.6667,320.07,239.97,6.0
111,3.7,319.36,238.65,6.0
112,3.7333,319.62,239.22,6.0
113,3.7667,320.28,241.99,6.0
114,3.8,324.27,236.65,6.0
115,3.8333,320.27,246.62,6.0
116,3.8667,318.93,246.3,6.0
117,3.9,320.52,239.73,6.0
118,3.9333,319.1,240.99,6.0
119,3.9667,319.92,237.48,6.0
120,4.0,323.12,237.13,6.0
121,4.0333,322.29,242.68,6.0
122,4.0667,321.43,240.93,6.0
123,4.1,316.72,241.37,6.0
124,4.1333,314.27,242.6,6.0
125,4.1667,324.54,238.39,6.0
126,4.2,326.02,242.56,6.0
127,4.2333,318.01,244.75,6.0
128,4.2667,325.11,241.39,6.0
129,4.3,320.92,239.96,6.0
130,4.3333,321.25,243.42,6.0
131,4.3667,321.55,237.14,6.0
132,4.4,319.85,243.88,6.0
133,4.4333,321.84,239.04,6.0
134,4.4667,317.63,241.58,6.0
135,4.5,317.16,237.32,6.0
136,4.5333,318.13,244.45,6.0
137,4.5667,324.54,234.27,6.0
138,4.6,323.47,241.96,6.0
139,4.6333,319.53,244.2,6.0
140,4.6667,319.74,234.69,6.0
141,4.7,318.85,240.07,6.0
142,4.7333,322.43,242.73,6.0
143,4.7667,318.09,238.72,6.0
144,4.8,316.85,240.91,6.0
145,4.8333,323.89,239.14,6.0
146,4.8667,318.05,242.25,6.0
147,4.9,318.89,240.97,6.0
148,4.9333,321.79,235.25,6.0
149,4.9667,319.62,241.55,6.0
150,5.0,317.39,240.63,6.0
151,5.0333,325.26,238.66,6.0
152,5.0667,319.42,234.33,6.0
153,5.1,324.07,236.3,6.0
154,5.1333,315.78,237.75,6.0
155,5.1667,319.75,238.66,6.0
156,5.2,323.33,237.8,6.0
157,5.2333,321.04,239.4,6.0
158,5.2667,325.75,236.06,6.0
159,5.3,321.76,241.42,6.0
160,5.3333,322.12,241.83,6.0
161,5.3667,322.18,239.09,6.0
162,5.4,320.98,239.74,6.0
163,5.4333,317.24,240.78,6.0
164,5.4667,318.54,236.79,6.0
165,5.5,317.88,239.6,6.0
166,5.5333,315.73,235.75,6.0
167,5.5667,323.26,243.07,6.0
168,5.6,321.01,245.24,6.0
169,5.6333,321.48,237.87,6.0
170,5.6667,319.32,237.39,6.0
171,5.7,320.51,241.22,6.0
172,5.7333,333.51,241.84,6.0
173,5.7667,318.41,244.58,6.0
174,5.8,324.66,236.45,6.0
175,5.8333,318.27,241.5,6.0
176,5.8667,321.82,237.31,6.0
177,5.9,322.89,241.99,6.0
178,5.9333,315.75,245.33,6.0
179,5.9667,321.94,236.24,6.0
